x,y
17.442573116301638,13.81544097632688
12.07580500186253,5.094225552745671
2.0582866137575664,25.79346584015463
10.641215543265492,11.080607801461916
10.57080674919294,10.396668356124835
12.536199247277285,0.625001799734342
14.052873142819742,7.866560607448777
11.908355240030472,8.426892672055619
17.982352725222455,20.617951554022653
22.875084088865165,10.759289774995075
4.082691998830805,19.042508259154914
13.679393430381184,0.3507209817702339
2.9006195872851883,18.79368912228343
27.62971982586314,25.047942527634046
14.266959004103203,7.802121386741993
7.028571001978005,-4.0790640401795315
26.12815888999739,13.414710077320334
17.849105253806197,16.275150726055976
25.496076918539885,13.08043207659119
19.050071886056156,27.436963803557518
9.682583428899644,17.954322521457428
7.67918120907627,21.17838855582881
11.924170414432254,14.745348813297298
15.80497987447037,22.848529178419184
26.087051215096633,21.382695266782672
16.485471807924835,16.56268940639721
5.925031569707379,16.89274368790085
22.39285992494649,21.318261340433818
11.384413008717143,5.514352942836252
3.2385838055087266,18.419102543236857
17.231916789957868,8.190277462959553
20.850637510145923,12.262709601306083
7.078073768917691,15.014723672535187
16.920053763744125,6.784936958491578
15.801108342204468,8.468965878373155
12.08351883089295,23.74321046571061
5.94411503604975,15.304143303509708
20.040181018654852,14.91264428225383
25.365455527719845,5.54891782762075
16.466940308289416,13.852866941348369
21.277194889258205,20.283729265494898
3.3915914436521852,31.031616474901334
5.509997805376328,17.173424975014072
14.198473306826575,20.9599419318343
19.319373792432163,12.27114312469783
32.23718444955969,12.752302287796129
21.097617319493324,13.441651587381116
17.50697433323603,7.557626023647413
15.792446317159225,20.38446034634446
35.28118218321592,22.991346130082263
19.277492454368097,28.541641730523942
24.59318035377782,16.14827125806409
10.999199989865936,16.352602109201115
20.620351598271906,18.85274883159859
14.200960501077683,26.542097248188625
11.27608996442914,25.344029116904185
17.124281602856954,16.638965003540406
20.440980698463108,20.520471566237262
8.044131286772108,10.948613178107113
12.359923270441243,19.639525947845627
4.767623194808147,21.235786680991957
13.971264701212542,16.16164871655208
-2.503465409032728,15.159374630720876
19.70374666106688,0.16559732392287962
13.079470897732563,10.967178824732105
12.0707764615562,0.40751773107791145
22.737142920723816,8.067889347722947
30.431249305475532,17.480431217566956
13.408075121779985,24.476779580644724
18.9477360348455,16.18739535041306
17.571761178292107,11.54846866648244
13.753014097168093,2.6935326441318335
18.216331195429106,5.3417387585170015
14.670523468023934,17.64211214382187
25.712102963902186,23.66664772985829
22.985901722686968,9.180552308218108
20.48272314966658,17.511813275870402
26.958751057170726,20.959443860710195
2.7157675591657675,18.84695795844787
9.654633803092782,24.676406952001628
14.647841894765747,11.046505566310332
17.906099919221823,6.881415521194469
19.997072494924417,22.27389742448803
-0.6147938458161519,12.5902440908924
8.241486725476097,-0.046803402875720934
2.984495236093034,8.60525962321348
0.10712863147753104,12.345979653362617
10.366542258437782,19.067312775033827
29.457817497690527,10.200582518050108
13.774673979424826,8.115810511035006
9.616241426519679,23.570815842496472
4.165176308807762,13.817179963887254
21.523415198725896,7.27652187005267
4.682448058897101,18.13781027370237
17.248319088511227,23.13202566238128
1.535429096570839,24.3029412433649
20.836538202170782,16.82877093181874
30.255226835875547,8.259101688228473
14.784338792494092,15.434500558743663
10.978230228440967,24.381601804554812
15.840206627587982,7.280164673308834
19.21147496363042,18.148833602562362
23.466953686226795,16.65692686598756
10.738816486647728,12.900811958093437
16.133261115574552,-0.9412258452241513
16.245527760423034,20.023061785792226
14.76369112743488,18.819308938459173
8.858763488484726,21.9810712585777
20.28688297926598,17.800880613471087
16.0166291130733,21.52165734494254
0.8443161923511351,18.163104074097195
17.789076036141402,11.717160115507946
17.334407334324716,13.676762645580817
28.60740762612182,14.488327743955747
9.465379226590954,16.08483238291905
21.917873058750224,16.987719906315792
8.677450016421385,17.52632203218601
23.476958663694234,14.385757696703005
13.642399644645044,10.884132938411064
19.12265002065093,19.11171933055284
6.2624818179204045,19.785538618566346
24.117885907942007,12.150784898579005
9.648554617883963,10.547418042092865
12.82568813806611,21.50341851549997
5.813554871834667,4.8043450696642385
17.43094191414992,8.310010575151626
3.7742323270400018,11.203610611609923
25.009105190541884,28.000862873124603
7.780089766398389,19.825919271624393
16.62285085066933,24.91761956343503
20.447173821824332,30.189170551713772
21.259684587477455,10.298000754447935
11.156943858191646,6.89670756099933
20.184830039577697,19.74199383796876
12.591357325219022,27.440219524625274
28.43639165867586,12.890457381901957
13.799433953607641,22.002464693528577
13.063216423727617,21.47329149962914
17.20662256153742,17.334370460370742
9.684440661148901,24.421598095746344
12.35986310409145,27.286437308579107
11.305738951247461,9.837799328709806
6.067974487983001,29.464653789314482
18.999447971683075,13.130233842568899
13.574637250276135,14.796915383246006
13.714086836437438,9.409987280956335
11.488830424842439,25.77256438015199
27.46281593961644,19.37193993368574
14.838742558003172,22.09615983924942
20.39177637633871,32.36771275192894
17.780489181683556,23.618393557456177
7.470002605042858,22.738505735521787
17.806173562373463,14.564624927705466
14.383713930203532,18.947335275951097
29.00585231373027,32.792926279280806
17.946897213879797,14.284656934463229
31.18094587831082,1.5743160905731521
15.36533460073089,15.334012616032531
15.765713392554487,23.200065747766796
6.501830969291376,25.53016416910522
2.3652124897794007,14.057003450382279
13.95381876931937,12.815727807179622
17.96863778325964,14.461963068304428
2.232157493071771,16.3712756207093
17.948819469026983,12.631433030269722
24.651948940120974,9.699159180211124
7.162152178812047,12.997074476811413
1.4437590112650849,21.820765241159897
21.16273774679184,24.219120956271958
1.86721053602027,22.626439491604764
13.812502794076666,31.515162871259456
28.47392012436792,8.215564391708554
19.98021850390125,7.424794272936529
15.7970061174234,-0.9669670422854679
11.211309057107169,19.4021989559947
6.27766368215357,21.954461636892866
7.670158122147826,8.315655773563535
24.896259587535873,9.401889241885065
19.79710736023511,18.470782665893044
14.259484215621953,23.64966974052031
8.497409349254124,17.319168400838887
4.892450808292061,15.049524936954601
18.699931161383365,15.791639879167066
18.021211709393008,1.0493449418797347
23.24116101303992,21.96534606183141
9.823607794015121,-0.9243342147301004
12.120433119798099,14.07228712312012
7.073208918363858,23.778051556895917
-2.4073761060169367,10.706360752524207
22.68338780988833,11.47311426809159
8.318059413437993,-1.2583469730567671
10.353758014339554,3.9448496785301455
6.537931776553215,20.47739003556961
25.66683560138727,7.100910729937445
19.170809431320276,7.4292789851573415
14.565808436505268,24.959045719920443
27.77119476845013,31.7978948643852
-0.9173805961601786,18.765315970760152
22.440703938443207,23.54815523165154
10.116482568889918,6.655090372837018
17.43682707423325,21.464289394946547
23.08583456067531,21.118139206978345
8.985215300198451,5.111046290697336
26.374808484245747,28.1466519415148
19.33028180629436,11.169765308937583
27.889433516854247,17.183461572984015
26.42396294589817,39.28018740753482
21.13842321313822,1.950450134682617
8.591619154814547,19.21927309026146
11.359115570645564,4.07645306763278
8.229645271951973,6.146789254510171
15.28739465148614,7.442268089968898
16.40787072986214,23.825211187984134
26.24957813397996,19.4963460927999
18.391389995229876,11.528878233078826
-7.927622799731566,4.658914409129624
13.8357918770391,23.090310942318077
5.971268064947589,38.2729235842627
18.168679558339104,10.264400856061311
7.519387911384686,7.16579417319386
16.593379054108652,5.271040342509169
-3.5855073305999667,9.660450147556537
14.965410743564826,16.456173406406673
6.311529886882202,17.671542297008635
15.598316849453846,15.102929389595861
12.889495851145647,17.90972178117834
10.950018983149242,26.617405286361485
-0.13850574715892172,9.313781671456145
11.804381800821185,14.346357704469739
15.311890169937293,5.803549018523961
-4.157549936271643,33.924175299703855
14.152462348661334,17.747646938497937
16.378035595360004,20.689730532927413
14.71092862801065,21.994475583781185
25.80751117921331,25.092110478884486
24.3903870622011,8.581503921902279
20.829133362322793,11.446924677757666
10.989010879886358,17.48994447827391
9.426922961509673,-1.5088098396087943
17.08206151395466,26.29529484899951
14.999435149780126,13.225559412898505
12.457357831053445,19.217120610506214
16.06198717996631,12.517568448752186
16.95192783009646,4.96361180003287
28.906401956456733,1.3135043326908207
20.088691962136874,30.835816103056402
20.6303428008329,2.519007911653718
14.190855156967125,1.662738603272862
15.96300420929856,-1.4672070748870745
17.82960086628372,23.40246892112455
9.118461198685935,14.328775703559156
16.4147999149287,24.97800255074639
13.323700204056616,26.65904645601357
16.674248908469934,16.897225186026
20.512287173706746,20.895669656475228
21.318528805337788,11.547336062128124
21.445137854440112,0.1887576860343838
12.444549548992974,19.750385521203537
18.93479558468069,12.66940079107617
9.29969355101338,15.357220337051602
20.922178256935005,23.285338028835902
4.347614437555006,-3.522338188578871
19.72102000122768,13.653120541708764
23.911987084015742,21.69894796398143
10.41067860428467,17.843801557414093
18.59577410423016,20.91264691196184
20.367003904083155,21.26775437472543
13.75075133807229,8.05884701661406
13.464842167658498,19.59710512675767
5.056169547829736,11.109904356374756
9.360713626646543,26.451467404632098
19.55978445373305,12.54356978178795
16.20070025336177,18.203380764476073
18.311835493586692,10.501082282727944
14.396054288657332,6.931369701775154
17.400874602047683,15.453993868070613
14.390884034365177,29.48798377929034
17.784727049158622,23.61016630636469
14.869045765023577,16.30757063884821
2.4196692132044504,12.842483863851994
26.665314778723264,7.2490681835083555
7.436769575167593,16.689069602562682
12.437146888797946,6.866091358364258
12.122255303644513,9.712338935872245
25.18666302385031,22.81086914256446
8.941631646658863,-5.450764183496766
13.830936363055494,10.19507902055755
12.897380876055626,24.159263600019358
14.467264351949304,-2.2656493312557906
27.891998558025513,15.60728768274914
29.61132361633871,10.84269118646252
21.73234392562521,23.977886556263606
19.525660265087865,26.52606754225312
32.29479071044182,14.529159481920212
-0.06620405371657512,4.818057335658077
34.6924204214657,19.681236570394447
23.514968798017563,10.714803595072343
18.60752598586541,8.604764262780922
10.19581156720999,28.88593802807894
21.861249092162492,10.332784515006384
5.483714701050282,13.909571228233249
19.384567485507674,0.15007290874438262
20.770109882998995,18.52238996781368
-7.123409888749432,12.142395958953523
-2.272471790578191,17.324072623270766
20.817743010311492,14.18551124913384
7.175256328776834,7.83202614776278
7.63747871688287,14.230777393338517
25.21627027180685,15.040313832354794
15.530584680054123,20.774294772603493
11.86224392004036,5.085384085187277
7.062439142053451,21.532082732791338
15.676688036578177,8.99985807527952
26.896102297942946,10.69064370582086
13.406107363481858,25.599724541275663
11.254222665440995,8.259072847299489
16.50982772770525,20.010633795246417
10.800280641211607,24.588272972773808
18.98294690434556,1.2911044132589389
15.578134665391323,19.603622391788527
22.11666750165131,7.416993405132002
25.90386940698882,15.850341107274792
-3.3982677611368857,11.332441993816294
21.112299413080443,13.917576316344736
13.700209618815965,21.163064222784072
28.46619890571403,3.833850613951789
13.370260477630733,17.05853188681915
24.77423178314041,7.200911025406754
19.982404934202172,10.260558594085422
21.225948195283788,1.8660295101596454
20.510223490529363,25.46326070540774
18.298964002857524,15.669132022405892
19.870853935559467,10.661410604288953
22.91041364351385,13.569635117722239
22.97903787413887,15.49534234446436
7.998107859265815,8.417942553250747
8.531460908305778,24.55477770946431
10.114770277360037,12.669191203030962
10.14488881399895,-0.5151017694446587
15.23457331795783,27.129793246000148
5.872191114817676,11.44258276561501
4.738939213135655,21.02274341058434
22.908593215894946,7.654612682190797
10.977406006636155,11.027886317243615
6.896942055238377,17.149083702339997
24.53058380969378,16.678151600012296
3.746415234891538,7.441848391033922
21.155056766530464,21.36088549675887
0.4473093235510923,11.710668453726164
23.802319937320334,9.58875372686273
26.318983706853583,12.45657870668711
11.231671791806853,12.572632259312334
11.546908725430217,13.66330559001346
6.553995133279612,9.446555232399106
10.764674582569093,6.94782562348232
15.770964891325397,22.643128840114166
2.7001194066032603,2.5199676895698495
9.707700683881551,16.744517584408985
18.344279966538224,20.164416950088196
13.192938638742495,7.356807587330954
27.73699362713848,15.28380737080593
12.402353100884435,15.843420881126063
16.683611657087287,14.703384159368825
5.09974494252949,9.51071468911033
21.24660362155442,27.035479460629375
24.228883836831614,16.754931725614096
13.630514576192631,14.985649081407422
14.773252966710906,17.773411991046174
21.919294075870667,19.248084160228323
5.065513847362846,23.805294517578375
8.147229478493502,16.041473766748297
22.146334431310894,22.630389732219413
17.24162432636381,8.76307052846506
7.165065914826169,12.541718678636812
15.369535561708027,23.49617119611625
24.99085718643491,13.98276518110184
15.659302544876407,16.618521326274667
3.6808110200022632,2.8363778119408245
4.529503528190656,16.01503174921317
19.517679672796994,18.232858639587985
16.16112097480268,21.39939111582126
1.3022307612895503,11.26771329469813
5.861645276744721,25.82399574261234
17.65197945453048,13.746842580455837
22.09716280663055,12.074660464577665
21.21839122841143,17.00874481092691
11.988463898128847,10.259005714365639
17.715473975882237,16.959202060524706
10.134813699326457,12.837734640400065
17.015537113262155,22.21694308316276
2.316976138943023,17.48549909752914
25.30887316853406,4.8566347514989445
7.515322839667498,20.94774276982345
15.848395351809724,13.77981997429599
1.698546510491079,29.386229573335907
12.882178682019195,15.564411742030249
11.395099500696663,24.10957060903862
5.452739586467416,19.1870120870025
0.9359230248030013,11.187317009670638
23.09207671256176,15.296674610337925
21.66994933658081,17.646203758770106
9.161954869385362,21.254422738297492
18.802623022521303,9.254959385774303
10.553536140619743,11.716667287188546
26.55028199677431,19.236800204567373
3.504873406116676,24.25770779095351
16.624799925295143,15.032500828107061
12.312503311401235,21.668549434419532
16.63121487786216,15.578374644292698
26.212811216926518,25.220326959493164
18.082696210141243,7.181537472999218
12.737495283431269,21.162628882910823
20.220886483019385,9.12745224208451
29.745803321766893,28.372788039018488
9.17755661062851,15.156555530008301
12.046043817480411,27.10195846711173
12.95605607859085,15.269169153075909
16.758508958206697,19.478443898480297
12.845225597683251,21.586064415000834
10.635274248424778,13.604174609447028
18.904388327311533,23.361076703763594
3.273813676021147,11.198477641543999
10.541571935815572,12.793648152348938
16.498576898907228,36.16218658621983
23.53646231118148,16.835745236193446
33.07813943960532,30.83751171548107
22.166088662422236,8.958126267492307
17.24083276429638,4.29106189618139
28.51092999511509,7.694063475229085
18.42949047196935,14.851420549206868
12.270417061403478,31.688762486632783
18.885008429243662,20.854525614042352
20.780105712713222,28.05974616836445
15.812959624106643,18.340050700298406
30.084053131503424,24.538775827382977
14.145279959598971,0.4125941148771819
3.7019704211061217,24.414482901048714
28.5773393747558,13.352873582982998
8.545033043168017,20.440845922204456
28.13002973589115,16.035311407375513
15.689227065971027,15.08191869437099
12.353199533154225,7.332241007365044
16.528221823743692,6.5934297109706925
12.14699416023584,17.22611158700566
12.360741305190741,-3.675883174533034
-1.4656750077806997,16.58327763203282
8.52925231120948,21.809291374530044
5.1515307604936105,4.62130703533002
22.56259829704729,16.810074701603487
11.738136823175722,24.42004207503683
10.684671367768722,22.268853224862298
6.391030619626449,7.546577897798232
8.369648291778747,19.806084268604447
11.133551555738697,10.966975608556643
6.447786132455958,-6.6850952815968405
23.091177442197385,9.1234326041011
10.257105115397323,11.57923811695308
29.578689501744066,27.829685205335196
22.69472512842656,3.6706163727037726
11.872784886618616,23.884949337139062
21.434199518042597,7.8416083564694805
35.905666051283774,16.521438856526196
6.476895179200975,21.75395965733489
17.5745132328858,16.905515238565375
23.64963987514907,27.53626228912806
16.893236452229004,3.06328126346334
9.96648593999868,19.927640010037315
23.916886481612487,13.877791955552066
13.03367153676274,-3.3419733266346476
13.911382660568202,10.264486120372535
10.3885999977755,23.205312497916545
1.7374185144047836,26.748941766872793
1.1250901327894738,24.0330307619974
6.316422981232424,9.85249144010359
22.574578358167468,12.82453109560635
11.09231307677503,90.35869908577922
25.152490289985575,82.51832479959981
0.9455734463457066,90.27944056559079
28.50612534247456,75.81501567942156
25.94709887251075,63.766555848001346
17.045620734276042,86.98887039639489
17.532255589716698,75.3089164146114
22.02918083469146,89.21726802825064
22.09780904799619,91.42857266211278
8.861978361628518,80.41591533301914
13.320874774273692,68.27402004644865
26.586316998981353,87.96908229205688
4.931054641501207,84.32708976040168
1.1669289721437703,87.7323597516244
7.540222334697068,92.12513111598174
21.9586058179053,82.1986654422847
12.90888863545834,92.53795341563209
15.684429338568423,100.76336943608317
15.183817429528723,99.97922639239887
6.699549051662991,79.72585025445414
13.345005089529796,96.25899897556556
9.451501139225474,87.94236579320969
22.051252485856853,101.80667124623767
10.344549797360054,70.90110804352325
13.914899809787888,99.03262074566557
21.112092488286066,77.02770412186288
17.53766605950421,71.87192137322405
10.729869604849902,68.67952856230357
16.427364275091936,83.83122839401298
11.060873960994169,79.33112752250612
11.638932125527347,85.69216908156547
1.9341114586363712,85.06700947151154
16.80332821003526,94.31464712936645
5.8235208870681205,90.69658843495353
21.978937588511908,87.2111688118876
14.257377270131341,92.19324460730472
16.502068507132762,98.4802950417838
4.86410713714168,70.3836979866926
2.009721444921814,84.90729771550001
6.54380962474845,86.9383073690716
15.036299875636281,83.83865193739713
19.81892155048659,93.60126263984733
23.116726026008326,76.30159604232452
14.798614142918995,66.71557013229129
21.932245547471798,93.29706484271715
5.417557721512813,75.74028812792672
5.824617929439176,88.33661771046792
12.56254975383073,84.38060947704061
2.645531999123696,79.0550342727719
24.929562651012848,96.82602448774301
1.207039392056311,87.12730745381067
8.81930704325747,81.31498327004876
11.441816104130224,86.3518640209314
15.30188599843841,85.83072372304201
11.095518583385438,92.02980286890205
15.304862973806877,76.85650091907152
11.200241310958422,70.97550752672973
17.15036015229917,77.9496805719418
21.467456580897807,92.33555837743944
0.1802649111851924,84.55357551602411
15.742947139843329,86.11202166710412
13.893905482480656,100.3242289966389
3.6656191732092385,67.73129383691705
15.690343163099811,92.06616301119493
17.201161281632334,90.1911453598353
16.71400323521201,91.04594113705599
13.276247495438188,73.44289094846306
9.66009514988652,76.58345094942413
19.336466940838054,83.98697965321081
15.19897528615603,82.17519970499006
43.49436006768899,76.23942157102536
28.969779004520475,77.97993479898093
31.799432987619966,86.57509898536506
12.662054265605653,87.74114187265026
15.492054227685983,79.83571316728644
6.70475682556566,91.93383364019886
8.513981411221192,81.8968966280327
7.8009520116666335,82.75795914903209
14.195999075119392,76.49342828971638
21.65414714302862,74.79388159250335
9.286432651160027,90.91540096325022
7.943698095572602,71.53514650933856
13.629597157261742,82.92372443182613
18.810513352786316,103.78183741516087
14.714194066783236,86.74669781288183
12.189290587761393,82.99452190701442
33.86916778715838,87.80169111595127
19.097384873530096,99.00986189113016
13.776683732889703,79.19628360970798
5.314709118480026,75.17419999348712
16.860997702607545,82.7556708773977
13.283584278543852,75.71292385487645
11.845868523953298,70.15209618824274
13.55306425236119,90.40759260664609
25.678647934760342,95.66879959311075
15.239550983894492,75.19039559484214
9.873554230163686,69.8967047997302
12.901417000458563,87.60537945359147
12.937478905030533,83.21017973605431
11.752845333347667,84.6948636531687
3.6110867665525017,86.1554274463914
15.542142753264356,91.61606155047264
10.793844118694741,83.8680730278411
18.205417253643738,88.34991331844611
8.412756276050295,80.78566137218793
16.48488532863879,97.17643130342336
9.65138953665829,88.40652632251208
25.731869512210444,79.53671855131206
7.521192045473181,70.81557700873505
11.610664340468539,88.95385926694297
4.866634515506693,84.65864573365316
16.591785099868407,105.08534301590105
18.014864095949473,90.65836141396018
10.379034465984589,83.56324708262484
19.40113390537362,79.01145170232789
13.605817519163702,77.69564864669056
32.122291794980654,78.09255415396973
26.919324668890766,87.14884148135138
10.503526554998626,81.26428945658509
21.923862739968683,86.38973725867048
11.818637003109586,90.6333951300559
10.710414962184387,84.69292595307097
30.40847127817624,84.05805094667558
3.697519519734989,81.70672448693422
15.909120477671085,85.13313972473988
4.856254461993952,88.38287515499037
8.55073736045756,93.88085903115413
14.65676800984259,93.60670162373223
21.39896134889492,74.26635893058238
17.3871370520593,91.7394283666728
20.37036411512217,83.34864520481798
19.192348618561752,86.10400089264341
16.86292231971603,88.3269640078813
5.426503853439307,72.78027705603527
22.189019174809594,93.14063037525628
22.029605156019457,93.69082189694876
-0.22156188480916583,85.87905172224323
15.97848928023623,75.43863714829503
11.684805677754797,75.99570352416296
6.633508209066488,93.9294324398208
23.642953094836564,70.33755089913541
2.959834500971068,79.51720302501893
12.037776232293941,86.50578185547099
28.954301514531473,93.44801594813909
14.784629754074661,78.38315787480667
15.49678331974937,82.48254284533013
21.76079322660022,70.56924535766885
18.610119024187483,86.1816785616769
12.025243160884443,85.977807975477
14.486575546749181,91.89367575378621
24.16728258542235,93.3387823329494
0.27594208477636073,90.33123435609
23.611981210510837,85.7094665478063
25.58911920977534,88.0350197140166
12.336073057464748,73.98826552767338
16.66132821525685,79.84373240879488
16.20451565227914,81.55544936837425
17.71313384632405,83.11551249866385
11.213809759415927,83.54205647344487
20.999686880987205,90.84737198434362
10.986677702648235,81.00162003399275
3.482335397394168,92.32139670263363
19.436176656516274,76.7234865045294
14.239795441290752,72.95982588365852
20.053286895504748,80.92628344436388
18.931606464975797,72.63081557154788
14.21066842587276,79.03894954036078
19.37176608919699,83.02090069787481
18.003919987773894,73.8850604563147
13.825936626570691,86.88088563156357
11.686331690008457,80.7938363645507
14.16136057218568,92.0707565161243
17.285342459088334,88.15289953339786
14.700145330541163,100.11719627172091
-3.162331195405347,100.84432691366271
17.74609437267331,78.22724545207225
13.758658372695677,79.36437262101974
-7.907045455070328,77.12583591497075
24.75823214168762,87.93130764266128
24.761750211115682,86.28466521057477
12.118633148175347,83.96574268895216
13.823196715799451,82.89559496785742
15.906719563000712,90.40448551732341
18.996668916213054,86.801604509281
15.645951889125207,93.31104781259505
0.8837608631734657,78.14681565834618
1.9579739137070948,101.06031626204671
25.66945442427138,90.51520970130369
14.520968864231364,90.67707471092584
4.906933373540612,90.24344590286559
8.487790264452839,72.60697584187662
23.762227876475826,90.95540800243852
8.744037599735497,68.00923658701161
29.705534219909097,97.94526602543503
8.960363159258925,78.36637572752866
18.109870700810788,75.33300310060407
15.576605472364903,92.38845633108643
9.777118965547434,82.29955987030071
5.885843232909604,85.309962921349
25.28600102434318,83.67240180837854
19.987103579805364,73.50059372330927
8.405881428853549,85.99289902256187
23.273051190917556,71.19830612264853
12.33606855689828,87.01270836259552
11.842460104781557,92.7385886130132
5.128169308196302,99.63893692495728
13.456473597271696,83.39766673423895
21.229513295571333,86.77096125302438
14.297180880429252,77.23402482425297
16.795107015174676,90.28080381509125
16.694708035527245,90.27156464818265
17.550258403213554,93.55111690466774
-6.099829448327547,73.65081391102026
30.316014954836135,87.20560380042865
13.39164219037728,86.71270811708078
15.861620193030609,86.97879674174156
24.63664848070719,75.17356842804466
11.169309439429309,81.1782924823365
21.02549807231627,81.03880404757622
1.6517803074155992,91.19677865365988
25.829725986728025,89.00839279876504
16.20021520149895,80.2310618320468
27.334624115727337,87.49705551624228
7.112382423092681,79.97288849930906
6.414819089647255,81.58667094057014
16.860213395949053,98.46958342604269
15.118393273851229,95.99850674517614
12.78647033800224,94.53576519617555
14.357475375011903,83.94885772843095
16.332556353395745,86.70898103046463
-3.372444973536389,82.58016165420612
25.79690268503792,89.14670464245224
16.225261655623328,76.10815464903432
15.374154965367657,68.97526733492826
7.46121410073975,95.9040710144449
30.92534919188056,87.86389825522961
15.675786644289468,73.82857850029063
15.339996966676072,75.1467322252504
16.047768455013838,88.8148282841854
12.252678733957442,95.18911453216175
13.941389704620143,98.01882389005138
1.8348915215273536,87.7553992822475
28.316544687116384,90.40382083777511
17.067138433982137,78.8836055004957
13.70711044035383,83.7006924244219
29.95386364968477,95.27207946425028
17.902709986684947,103.23290792100856
6.4675625967090475,97.64812377111438
31.078489766411376,76.33911540044335
21.48236542308437,85.3136700795561
29.1244111891493,100.42204364915244
9.592690158875289,72.53225952983368
21.576735917680175,72.52882255906297
10.279545802524982,69.09571520574423
12.40311304356464,97.06933936750154
10.870937308542459,79.16970583552146
9.278851339152617,84.54637076720945
21.166398756446718,78.61217491301106
10.955999288453643,74.30166836686357
32.370005812703916,80.08335380767504
-0.4450085671325308,75.61302901374931
9.140899091804485,83.26673870299233
14.023926564605539,83.99804290652054
4.29969562525736,78.0387358233627
11.700242947134292,75.514082994534
4.472784860760266,83.70894586308167
19.245498995262132,97.20847497016545
5.23456868284825,81.62558124782963
26.89841050970173,71.84210557085501
11.656339857313824,74.18513494887242
-3.876099317551585,74.82300053759093
24.805966378606442,93.93657379563265
22.563724896761443,80.72387325517967
10.590153183047159,86.76046488604905
20.737729880976325,79.32110489675881
16.00967077050415,75.96038809028317
21.96330377108188,92.39479581939185
2.6514028527540425,82.39682895823113
18.51850613156187,71.29091157890463
5.455874817080481,87.8278174977764
16.506797493464532,85.6132476705105
0.30112725393768436,90.9452034395993
4.1341617664171135,82.33165624394191
18.331136962721835,70.53068444274996
9.500996731838468,97.98715864164781
17.14215960525083,94.24347499476397
22.91292947534746,83.9356940212679
27.29671913403306,80.7047859503408
3.9085502242295167,83.3991528379017
-1.128310458299179,79.64653753945879
17.333133805790098,80.10527903208602
21.136029602108753,88.88612336986246
20.025589212979277,87.45561487391133
13.075802214930592,85.83587096776841
19.21154443230063,85.38950443260077
18.302518713811274,80.3769052413973
3.2132258454629703,85.08924279922051
21.441275062650003,82.28538001199395
4.3714300054113195,102.2979184171394
29.625219027831754,82.33281379803239
1.100943417842764,88.73888177910005
26.664608302535868,86.21255401327556
27.25785891883163,90.04782532552595
29.71614024947636,72.54737280262259
27.19073723233197,92.87525326789574
15.271289546892845,80.79534715417877
14.796645094032806,76.06298966363009
20.36213520913472,81.1871474108572
16.13286014494639,88.88158908662638
10.791463954451338,81.3232069359253
26.155350156903193,90.0775415252599
6.5914318489071295,89.92500355544288
13.865607673499953,89.43469584071619
14.553545432552095,80.88609707020261
8.642649218181486,82.42143992949833
2.272369063903591,91.93553204026465
8.079593352539273,93.09632629030186
26.502256325629737,79.22097942665545
14.907322992464023,90.9175030780659
7.74413560808008,96.06023914704039
23.818762067040588,93.94269008548392
21.23118000843425,81.96075367819111
15.574114144597694,91.58782654661995
-0.6358974516819629,80.60953910142509
6.001671099916095,90.31523853613568
23.94796803957233,87.1103605396668
6.824013983927317,87.97040474160599
9.255391039459262,79.34557977894988
11.984962601830853,97.53451042925995
6.330247191603929,84.38804586284046
24.95691550852965,93.00824389772194
12.57849142574485,76.50550447695088
4.598544351394601,78.82904458878585
17.907887841906934,87.61073197580326
14.672264082464094,84.03441372607277
33.907770991422396,83.35178754658088
14.715454873271993,85.51274963483
17.20956222828342,94.75946674690242
12.40129471530296,85.34787597424098
7.422886722720142,96.9446407711339
6.746584617186555,91.61530719964765
7.934719102266027,81.7685065421962
16.427650381025586,81.76630121283944
14.0924633577192,92.10919820627394
22.1241838914661,80.03701359294445
22.27080231885709,86.77308634509482
8.0709590709676,74.96664599227043
3.9697380304874006,83.89376629724835
13.237345651519535,85.10411599023053
5.235083245582638,74.63287022221589
6.427584891860734,76.66550967105357
18.430644558381722,92.98268793735585
16.82305822453053,79.81142397882998
19.167114790546794,75.51601154645655
30.73695078559035,74.28816305740254
11.065951017447151,90.2810157390544
1.4674381282012074,82.61122341888606
15.868067724912658,94.27826471674773
26.407032064789682,85.05176729669853
26.013692583608332,84.22682826109893
16.72026783560534,72.7587271355419
4.210141136165294,88.17738755276983
2.8770099208165494,91.64141948650735
24.997376829639272,92.35968756156487
1.7033434289870222,82.07100097469292
18.6105720655871,87.80916870138229
16.674975093494655,76.28760652999807
28.03927890538002,88.80434690885852
10.314867018827746,94.81978093131154
19.56619224311607,82.66885877644879
-4.480944685755091,80.60786021690609
11.588633102315637,92.08394869149193
16.5884551466899,91.04367663769365
1.0811280669707557,90.93382623507762
20.354909344524586,82.54216342664635
19.76217643726554,87.15250174195444
12.946191694002973,82.29945695481017
6.768289929338337,87.98285326085072
7.788814033765513,90.64675792905759
25.230031316975424,92.08561581711517
23.509165500594143,85.4117212604915
16.942919177745416,88.10526188851073
19.999599053604726,91.40244116723599
-0.7214102487830871,81.8075080041708
22.693276760200735,78.17929683540234
9.497723816160464,80.4949176121113
19.795583217753762,84.69657219631878
16.539239829402476,78.37525561857774
4.219976971319538,91.81655281052068
25.529988920534834,86.92314765586893
19.732027501786103,99.17011208043267
17.172106675676496,87.97439041698225
4.7191092583541945,86.82987106940048
17.429572695693047,86.47570639592965
13.759704968020671,86.79678648481162
16.054006128305495,76.8783128130822
13.974648458024113,84.81838502804652
30.78337878987157,86.52740992951796
15.626637293694559,91.76020391931372
22.63847561349702,75.29091945253302
19.489698170367173,101.34877416268299
26.511031984466747,81.43527169189288
13.189693296467919,93.3745016866586
10.198008428050803,87.27379328531326
20.85284268820773,82.84689604340831
2.243351828033642,83.32169316025765
5.2468074009383905,75.31569490021214
10.168820278738018,83.98272340111274
11.293052659722347,83.22829575426601
11.338909067400131,82.94418055497857
15.24057793967119,85.97060610480794
12.937691781718856,72.38097653224526
7.732538430497135,84.80541434627985
26.69258038417091,79.70026717022475
34.04489771756116,84.50336961606894
4.055578622420459,87.67816625912401
17.029697146060254,77.21014335242195
29.29187681201644,87.73570307987669
24.724225306191947,86.60647881127986
17.95507043370478,86.02717505168998
31.949522842740677,95.06872245557993
9.733240511926414,79.80468901499941
9.710091301613378,86.41570350388626
26.9553599648385,83.75524358780247
16.35871105658596,103.52059722779977
23.67138297053229,78.93860123850916
23.3087975952659,75.86026247973103
9.060161509444008,77.86742766253545
21.57800968732512,86.26808056078879
9.419884141200729,60.50129438470502
7.500946174717563,96.93022459687229
9.700817544580328,86.23461214331456
9.635257948366677,93.23620960691107
29.1457573516337,79.11801047453726
7.278311986280553,74.93976501622672
18.041100285006635,84.16566070220603
10.676021926076345,86.60245067210911
14.035677915577693,81.88354972504291
19.2063729197343,95.98778567133611
18.645820295818464,92.58962122572258
31.315829435780884,84.84265473735965
16.75214647053777,85.30213375886643
10.765231871637647,101.01805376187004
12.047960954876284,79.79409085196653
15.088880606255845,72.31586849901369
22.16017750192156,94.81765360234058
18.3352330845445,105.82790277582322
16.428551348242486,91.08224737043878
25.480163648284034,73.94753315460306
33.817982671282365,82.78434215907161
31.43976567841716,70.69563709716718
1.864650507836922,86.28803987113746
8.230409348824546,88.15312661010036
14.429488284107816,91.03618856500009
11.751783837731843,79.18731899246524
17.383234736698032,74.61893124167969
4.667225467052706,92.78894004198226
-2.993187616425196,82.39779391404939
3.9003730667471395,83.89166000479695
13.838945766875614,98.12359297879289
25.640673036429234,84.21217816603885
21.036058248775902,90.08409679857375
9.663928765231805,91.7572364506795
13.505204874367239,99.46582935876677
6.188627216948479,75.43058229697525
9.328594148815636,88.41381996286258
25.92345341612934,80.90373726305607
22.504218765386828,89.61300505420725
13.035448132783719,76.48502891710666
12.055700472772525,84.04877983391354
5.2850851351723165,87.75691799065287
2.9629506115555504,80.67124005816724
1.2272365425275567,84.64759105140814
9.992865276237033,91.99118735437467
18.50148477492366,77.48427513759997
82.80896675086468,76.07773189354621
89.39473600957783,76.22803461210158
85.46059338442767,88.66831862161699
88.17257829968854,84.433623317134
79.9545485893014,78.80244237348403
95.03467641584493,95.73156379479829
73.48009748849188,96.18906227975475
97.02345407093847,79.97698988957062
94.25342223412922,92.18470681313454
87.13125426325061,96.4009045435017
81.60599678161282,91.98753591224877
73.35096430449445,85.15428103980479
74.05338866415735,72.05190939599159
89.60554302955669,87.82211369742112
77.42211914219224,84.08589395256588
76.34086155682853,70.8834017495036
76.15120847443166,80.86139664852003
94.2308702103818,84.90823146340857
77.34842012682053,79.21716496267398
90.57058800582479,75.67979269761608
84.88619456595973,85.08470713465114
81.65453367307725,93.63049321116094
76.2957137205005,85.0615970074934
80.23646414043795,83.03863550522209
89.37742128204188,90.98259704268541
78.09653192046147,81.18056636948921
77.62484101787922,87.13631831449038
82.84242186783148,90.24311107496469
79.77217666478835,84.82464961790254
99.98199315940901,90.86688903796183
94.26558703342167,89.53116934153873
86.46742573754261,80.23735394758232
70.58129317968074,80.6330755024523
86.17810133811744,80.5141185789178
74.16315454736812,109.69652450031079
92.04296068483062,83.44574942946113
87.25791999985087,74.24554851095665
90.29394835261085,82.4052995554961
92.75529667750637,96.05955238357555
90.64353741910976,73.85849838153376
64.71953701815579,102.45832682643584
85.97319396470462,90.3280357709534
88.07771305319767,94.72321835733909
83.96200280995944,90.04044074527775
89.26545426226608,88.1179391543322
84.0774219659197,81.11317386480619
83.24271921448732,77.69169352926338
95.96034409968853,85.65093163585148
86.61107948308684,88.40681067443386
88.76429335666289,87.468886876416
80.08955038994294,89.827088471917
70.90410093228054,80.05388215055818
94.51193004788428,90.05467005847947
77.99003258625905,88.19873634259237
82.1730357656161,69.37809823459793
83.7241692610075,77.73062678898184
83.73995487785555,90.5273947531247
87.65827722659965,92.69366838831692
91.57912692591503,82.2992263527443
69.95496141009528,87.28959458947726
97.73969345619167,75.7457600212315
78.74630378089118,79.14203589060162
87.6275609390487,91.78932086615119
91.33184603590195,80.77429797494148
89.73811206734271,85.3903263241837
85.67117804209187,94.98653561592808
78.27763636155044,69.00430073544617
73.17257520966773,76.1696472001279
72.6516523734752,94.42352481890818
63.90577013054701,91.51316720392107
83.26007323837105,102.04074823301696
86.49701516217283,88.25861887095209
82.95458140871479,99.432117763119
81.84269702143138,87.6995647646765
93.0875902785822,102.24847567244382
94.65546173558222,82.25393541249151
89.57708072915878,83.45240011167122
86.41760027328203,96.59381705102633
95.56869661047367,98.52810303307804
104.61576054383183,74.68414468496313
81.57088887099512,89.72451068240011
85.10367555124014,91.01045906707272
90.3745420650451,88.93696441677098
77.44750771564098,80.25503719713302
103.34880299175381,87.75880160792775
96.88359959462876,82.21336377722248
82.87317477672858,91.29733069274744
84.90889888312442,85.37119566559647
100.51257204049882,101.07839754559845
88.44824248033774,86.88887990806684
76.73370493735136,81.22181821300751
83.65067225339479,84.54871917338208
86.02648990441544,78.05098131867301
81.05425169851009,90.06607539001408
78.05041275902512,95.99621938644778
91.80750404811725,100.82381719011906
84.72929173707159,89.70157945002317
78.411498078806,84.96110078218932
105.62733501672614,84.24831415653354
76.19955886983476,86.42193037473099
89.79407862176937,76.17915871141457
93.10589451152995,89.50199895465214
95.32486917745986,64.39555575460628
85.84447738655197,90.28982255642487
81.47972842357684,87.01574710910633
88.17098503872234,87.01404947097028
94.51963528566911,93.54052604606672
96.07238820448185,77.06544677290927
78.91764693286987,74.93118574130423
89.10540252294142,94.979057405019
84.56904662913117,74.41932203142932
89.3324072126424,77.80401368593151
71.68935774210436,88.08536890867036
95.95707240084131,95.12396205410371
88.21409606142797,75.4595171787308
84.09389213318354,78.93280016191697
98.26144943079564,86.05969290631522
94.6190844516612,84.72552661071694
101.50479714464385,74.3685865636994
97.08516892516101,90.38341687271961
80.90203111950377,74.01035748588943
82.86775990141996,83.41444676195823
93.58227343749081,81.69127451225177
69.25042492790865,85.70539338736894
73.50211170879848,82.21276530808798
89.13131039702158,77.23113666979255
88.77422201471497,94.96950833128918
89.49312838239894,66.06256366164158
90.89682709344471,104.20963105581339
88.74560097561861,82.22527449586691
74.13190489051203,90.24079464545511
80.45002851981054,81.53139396811895
90.29389754316313,87.49878742584015
85.29801892931559,78.19584924229439
91.72488897738795,98.58937480344274
70.49606854280546,76.1641453076477
70.10653341930866,74.18962920318776
78.22556986986665,68.6925358581853
83.34132481320212,69.30805061201508
80.38443545773833,85.18866840846628
98.20830356296234,87.18098955999973
84.13682475273913,75.81208622998435
83.23144938147422,83.18075731635473
83.045400235982,88.01855030041293
88.17387964344108,93.60481126846392
74.8501644567073,75.72658739458784
98.29824363774775,83.45584989330827
89.55171760684343,86.82155858406216
82.78478695452752,88.84924649608509
75.53770476228487,68.1217768190907
81.03051233074976,96.87842637241769
91.33234969999647,80.38495614771155
82.28465319597956,83.69818289820736
77.24499967808913,77.35481481399783
79.40526856796673,85.44835333022074
82.3423774515099,96.72952250162623
87.05483173206909,87.83415705385816
95.58568630494129,84.92368006497765
88.96202850472956,80.54337578750354
89.027363464988,83.1316866420351
74.05676371641117,81.1330762973231
94.27307210331394,80.18198196790298
79.78057338266711,77.01598448811679
89.5593082247842,82.4203422544326
83.36513824276427,92.35311959705902
91.71587325907305,79.81399576563891
80.54425072449715,99.77808786561059
100.75076365334617,93.52553787843456
87.69848088932577,90.3427898664321
86.53276294885258,86.04495333652163
82.3725677519333,71.49324216160984
80.51464255240933,78.04684439546438
81.7596173312723,95.65986540268392
92.73322228011072,84.65081973258451
78.56392581359181,81.09579632015449
83.4913614111095,92.54822741600965
92.71067385514428,83.27326563635901
87.17564016991236,98.80092187460724
94.1209048159352,95.12286478501946
82.68931974972394,80.282893546899
84.39064308353787,90.89633913432691
87.72418872631253,84.12212920873509
61.706736562011,77.66189728325699
82.64620822064967,81.5187745334006
89.91172296692989,71.40783340242967
88.18652109056661,83.42611121040817
70.58571843136204,84.03739222096843
87.76837787553502,99.3024705541774
80.41059942590643,84.92313433153141
92.2033641882133,90.59358032452027
85.52821529315185,80.40333295434955
85.19957862677073,93.6254998279955
83.94195426948613,98.84914902134275
92.53978109984381,74.7054924820985
90.86124995649082,93.06390629488088
93.35674261654296,84.74402691203402
77.33398487925402,89.38231668500714
84.85554489573732,94.05597557356572
88.23544836652464,96.66304712526934
89.30253629481595,90.58225061624785
89.11607696381003,95.51603766805741
94.59836196028496,76.9648798234176
92.10293973860576,89.16328996080617
95.34902895995003,88.41296217064786
83.8117542794631,77.3744360509901
82.35606664962607,79.88401050863324
76.6947454048475,90.10518902506087
85.09477450866999,79.97574170381954
100.9670097639789,85.87904795151324
80.71861858941116,78.8750872508973
77.36037228210532,78.01000344465297
82.53284422840012,87.12443541991836
79.10348226593487,92.47377443956546
87.2440831981443,90.36592236951222
85.01447553682699,70.4257588312503
76.55071930866897,68.14871143626401
80.22307002609011,81.81952757356511
89.97642406911304,78.923579158575
83.60436439566871,80.03172871206624
90.30265155150134,91.12707988631941
77.7788664045589,69.22454195749567
73.7740533245595,75.66153467393049
103.1243172365831,67.10222041825006
90.67546653364342,85.83015190872769
76.828249012109,89.88929215106252
81.8162066021842,89.82555083866316
91.5207990188507,82.16280649409856
88.03913849287156,98.39274530481147
93.58773330334141,87.59470784933134
78.09433680425676,94.74298102803928
64.06719106182146,90.10082341849872
89.03283209709461,100.89956816479459
83.14689955464254,70.10203228794461
88.08737048069672,91.70182473222408
75.4895880424663,90.88452011562985
83.13754152061033,87.11666252447873
88.94653982407664,71.88930912458997
81.71045744681327,71.11141057791085
75.59936843150783,86.40270554570307
97.26772843443835,83.83399266255483
89.41909108503151,91.94774128926375
82.09799522899316,88.02109230064346
76.99498181042654,72.98711281510018
83.13464847327519,82.51738948002675
79.34705176969388,83.06745440636428
97.70441727544207,96.24051303242291
85.96048420335963,82.29746776744504
88.43551441757687,73.50091038129496
92.55973397748733,56.28727943214109
79.84596833561807,71.86991113035148
94.74585959875326,90.85285226800347
91.3541207351696,91.35227890903843
87.52121397337538,86.70051288847303
92.53393000800783,78.61913586435132
71.77482702745267,88.47503633180985
84.11718362279252,95.4183162264347
78.80890822732911,87.86427239070495
90.19285195454259,83.78908035492263
74.42942767407777,100.00259777351218
92.30559826958886,84.90901535990403
90.82980913721792,82.98543741282506
84.25402361143162,92.8505697525026
87.99468937263651,99.30047569234337
84.49848008958226,87.87068425490044
94.70757065129628,88.07100329658658
91.64391753271285,88.77063257441662
73.3473734661956,75.65270441888042
97.48831998452721,74.06319157516539
84.47384611752915,88.49187821178509
89.4303612792416,91.37545651177072
87.00911935434738,76.17237421054897
85.98244134277726,85.51118051381098
79.5673830636888,76.1202851300011
80.66029445184883,76.46534461043076
98.83016491561123,90.34263030460001
88.84295337655767,88.15554523201304
75.4323965310747,77.19543934645492
80.12838164946533,73.10640805680363
93.66791351549986,86.05690012607546
88.70915983945606,97.2368014867168
92.80082843187343,82.5999974462081
79.9453008928673,81.7261695791311
82.78775952078672,90.4204144860874
84.08582396028335,77.60909979805444
86.46207124102567,77.30316536594249
79.7786089563578,83.39035653118042
80.18247154838063,75.60345576198277
88.43750383889842,85.70241420458234
75.11223095895704,104.36700635645224
82.61836358170856,66.97230670568176
91.02739361661548,87.1256427668852
92.35637758790058,74.04318400682439
80.54120318971079,86.63383365088883
76.51294532709123,93.74279060920877
87.55234672423096,84.15339826318709
83.685377803515,78.96333420431066
67.2837565562743,88.66999471619802
68.95963327402224,79.66332749919255
85.88994864375094,73.83827354091954
106.12242472630548,85.90631201243256
89.74070213645719,67.54511733359388
98.66809282859089,85.30302599013835
73.82278807279609,78.59031337779558
82.1950257153839,99.0364405496249
90.28811173521211,82.81066541924925
85.77503852889885,79.3090583211346
89.36819967159342,72.87321386508675
83.61162664328226,92.08491415390203
97.51125660200773,86.76824084866443
74.42459880042153,89.7927690250527
81.35303057235024,84.48179990276635
69.71324805056503,87.71558639646769
79.66031068718695,91.3082512821482
85.0278548997587,90.896531887896
90.03389437755273,74.11312958085337
95.35563531379867,76.51443594845789
81.8406599866027,76.48151689165061
88.7818360258363,71.49188731893382
87.32352635121501,78.4878817619813
82.69027812757675,106.28087889471857
86.35788973792813,96.56271159375744
86.98547334221264,95.70812173627922
69.14705144406058,83.98396119721471
83.1858102446427,79.41839865721423
93.65478154826053,90.32056859991096
88.87313931447733,70.69946243641
88.3036499521942,82.31705550133391
97.85138927270569,84.47634165426705
85.39399007831065,78.40296892539645
81.29779623347616,88.35843117077079
90.69055971998736,91.65397858530349
89.14619892549533,89.14369684548767
79.87836284840658,79.36274749133692
91.35820014442471,87.65528656881344
79.31158203852239,82.17585720942297
87.32299210520223,83.45924436539454
85.28572655191677,88.60608596952234
87.91377377346413,95.21429399892456
87.44875608065914,67.29781861835657
89.64457074788915,89.789918408652
66.23865896162332,76.92823457624911
87.58967449183402,84.72279170085078
89.78346593511971,81.71998927850552
80.26836923898422,79.42045788670436
87.31524950904915,87.80883682621106
68.79749713364053,91.20815627307374
77.93676268099655,105.38309574051527
66.489460329016,80.56026419020374
83.90083272721577,87.10939790571622
91.82773433987124,78.79323759877157
85.04087795935462,80.54606628320911
94.12563810322631,92.23005050234124
77.23748460796122,87.87247087324667
76.18706590326732,73.43965540033389
91.655181851828,86.00593100482313
74.21696526579079,76.92412973419196
64.79414968565631,80.23016045486649
62.99266866800011,79.62417476318244
84.10475934838087,74.1631884293245
84.32050586965396,91.08072156403995
88.92080163735356,85.9395199592479
81.34959154424538,94.40845977529048
79.8448736651,84.48313025412942
73.68642962779066,86.83840440044575
96.64914901151347,78.57050489170953
82.38830017231139,90.29584382983927
84.08243847233655,78.06033628458184
88.69591694755546,79.27515048363445
66.57304563638675,84.56305485357292
92.2194484840114,85.82719854780079
82.36291100231516,78.84520820718916
93.84935142100733,94.7511001993974
87.37029681668214,83.28987525566272
84.10790456764592,75.36706693642594
79.35731607310866,98.16634679001704
89.07304842122912,62.04019224394669
88.28653638645709,85.30447568012167
91.47446714422075,82.85686765375556
82.19507185524078,76.19569100992186
81.31881300769615,94.10782258120386
81.15952758034724,77.24868938208343
85.4192591070775,91.2934901840807
89.55589975587566,75.24662150785599
89.04624784548292,94.95969543171196
94.3329942085612,93.57008964023326
72.69922321060285,70.97871596628733
87.09141206536779,91.64944247721047
93.65451340195402,81.43349194291092
76.27705821356918,71.66849828269682
87.75708532460536,93.51029247184869
84.13482308998316,89.57581280212625
80.72584354618665,76.58438374585593
89.28678317622328,79.82420406311024
88.78636935411244,86.59794605727865
77.71421097177067,72.31256308615806
79.73916853449728,90.54846561082745
81.219833513514,93.28762873532474
86.81641061334986,101.11211856957054
77.45056351344935,82.22062338356024
90.21452578968525,97.68950197920863
92.20926895132982,91.06076479901151
86.8344145109285,77.35287821819855
82.67566516131839,84.5892937885706
75.578244191211,86.06736875644363
67.49987117041437,74.73911137552419
88.42690511349973,84.79984534047277
92.65111218412882,96.51910688402045
76.03416211226086,90.48463127476504
98.93960489916415,80.3826048323287
83.99845925773907,85.19161676867175
81.4653292475893,92.30942995700678
97.88551682551142,76.11129125387649
86.4926778075224,87.19140871166155
63.58119893351287,89.75805440653292
76.93930292145234,89.23776415319668
89.37619940638388,82.82253321318882
82.68597958509682,92.43316957505044
79.89014101977304,83.89767384191329
86.62257803417603,92.90898438572364
76.05923016080784,76.58538476570628
81.84189497876814,83.27729346701835
94.24840019625789,78.17965543534561
104.67378351814156,94.29537635903118
102.2359337253715,94.60881218100526
83.9857945757084,77.19647937697994
72.32901173600774,79.15798789485156
90.1125746379983,94.90803892839733
75.99484908945725,100.0572865414265
90.24319939629213,85.6422933390525
84.57941499714329,74.27687631778372
84.54533256127753,93.17286775329718
95.8927611478648,90.26443752127398
85.29954551398315,84.82460290329013
84.68877192812032,88.6256540718375
67.04054886057503,82.29995326104675
71.47576126734852,90.23538783739292
75.37452316161051,86.55614563705272
85.65506104321074,81.84104536512622
79.61579497284704,71.64397747365953
73.04764409095058,87.08342494792551
90.97056631300904,87.40359304830334
89.83148928125927,73.94986692375292
87.27830970748933,81.45421520000426
83.78507513901812,90.29192799816627
78.35504067068526,52.14816308827795
82.73575760558634,87.11314301826036
106.91867468441978,89.31098607256683
86.99923340821907,83.60821114738854
72.69696199529494,91.30943893506233
79.34189081795786,91.79138865282593
87.43361600788842,72.19593467866024
94.18718636961236,81.35086804687212
88.54465054725203,81.75551565257678
81.89260742665829,78.31474515570649
88.25313293099813,92.74709323357342
91.35327294669236,76.44673333237925
86.41244013476245,88.512135376945
88.18268540812144,83.28155785794438
92.13886840961892,89.90648905076918
86.56695568361722,82.097131889265
91.32394211365087,91.65263888259261
82.4644700844761,85.40830817099848
89.37733607799152,79.64752843507642
93.66373052666015,75.37100064368045
93.04830353020449,83.81445598974261
74.5108828375092,97.84639895219175
77.30708529919062,83.98488708712617
74.50161715284823,75.48500640366635
91.3222551179165,87.65848736194202
95.50355560473831,95.26800795797553
78.2890445178462,88.51092284061258
78.07995390990403,76.62079089614396
91.56761887410177,76.89178777865938
79.84465613568246,73.65937118990551
82.62895088710982,87.65615779015147
83.556911001432,18.793829009706485
77.56154986916479,16.379651942378917
74.74891786772505,12.453781831803301
88.35421943701512,12.690029228527523
71.9333850420247,17.881848595649053
79.93451076109675,16.342236939636482
86.15429217413536,1.7793113099171372
74.62116253862808,19.02880798169827
79.05842610928808,14.351545280855714
75.96108755185335,15.602298452716836
91.21480034638694,24.381016947206753
93.70750056521786,1.74291856635908
111.71360756993448,11.311151863204513
96.06270393361996,17.505028461760528
97.57068041274826,18.980198708713164
80.1456711754968,15.691520142366226
87.19536753459714,29.635269801894616
86.38836431670452,21.655646593762953
73.1857300300721,21.42161309425109
71.89383906227219,17.39510353008573
69.83286054868356,14.396431615781673
82.76664922957465,-1.733026962710337
100.59257185262463,20.724803072378005
89.59037475788836,14.730261166170413
77.3221840655563,9.401726802833862
90.7816176514489,27.2185443911892
85.00940706269755,26.900277406471517
83.97886631701903,24.288722557484448
80.88989025719367,17.011314055419117
79.60038624199336,13.376337948168077
74.30339095825008,11.560903429924295
82.57968900272854,20.59754114313748
82.26215831434173,29.249660758563742
75.04671873318338,12.094920401522293
89.85553782199058,13.380430818148238
81.76323552141973,17.993643681690234
63.37276350590516,19.154541534454363
91.08556401552818,28.40923448969464
85.73356074827635,26.113828264235224
90.12851644690492,10.10075881309649
89.87707037540225,6.136329148269917
81.44262842180746,15.367359278561576
94.81122386094391,24.192953579538745
91.12851568523031,7.156262127403373
74.23112587328734,12.81761928016959
91.14282131867932,16.004761475727722
79.61067333569974,20.14744902560191
75.10704368582635,19.556841833607038
91.30653596978348,4.138185316828585
84.19560024624369,17.434178312643482
87.72083091145949,15.184865974069865
81.05854431682329,6.905474254661415
90.10748052458437,8.332557626665766
92.63836399769612,19.732635173864043
82.84449491699338,7.760380364569617
92.96190841309986,10.493714714825519
66.51360981834414,26.945980544100607
81.16490545405368,8.440529573807497
80.62011345611593,-0.49822398070635643
93.65761524645444,14.25528414117089
78.71272903049763,21.315908792811122
75.52015165710044,6.412824464749683
91.1535565578103,18.258767435703934
90.3796148418664,8.89920470176964
79.93575262954927,14.965590899115627
88.47503932285416,8.583040931431428
85.37085515449094,13.849276004747136
75.5488743276685,12.511972386315797
99.8972137937453,26.718010984457397
79.55086243652646,-4.3401315383024155
82.6093713028973,13.49080320196899
83.7748810836809,3.7883854522152447
81.48779606597785,13.14640484847443
99.00588408192634,1.6486168336108733
89.16717310379106,27.33328183553629
68.22143399039878,21.95174714626772
89.15411191598166,28.225850358680518
81.639498236651,-0.08731300943991727
83.59456603666904,25.402587029206448
89.7651745246481,13.241832182080621
85.76772606406632,19.257329932430633
82.7921457683565,26.845292418755257
80.45281413236872,8.617421049126593
83.74874693255107,15.959136405211911
77.00249602212976,17.29348590442863
97.27913132704887,15.767887138033034
88.0295346527168,4.890030628988317
79.83306085762413,17.557061768232643
81.62219886032646,12.010776747255592
73.87486618175525,9.05403536504958
87.40744882489973,2.154342412611511
99.86124288038012,8.741312201248707
84.9313336992977,1.3236940138702824
83.51886709895786,29.655188273905473
84.89684827865881,7.194263063925714
77.54939684735174,14.509931805434181
82.51138583562071,16.027972715347023
87.01476391844801,13.508271718664984
88.84387922548122,4.885137334683694
81.75782125111344,6.816020817311969
88.16442978954814,6.11592134326709
93.75185595430295,19.038853481597705
94.18443841970624,12.065391432682281
74.54149540993834,16.612910388948784
91.75872017964443,23.8508688158562
88.87378572171235,11.209028426842497
91.78295442136087,21.285968215920107
93.38092790765731,19.793650539535324
72.2447279635986,-2.7002695711719973
91.94061594836714,21.14975175075353
90.84547179029241,6.834765583297127
88.74519856483096,14.43444965801813
77.12287547904418,19.19269783069854
79.39642390986606,21.54057603524729
80.23520900231762,16.619159073492888
87.99103846597843,29.57498358167092
66.61491084979649,13.374766456834879
78.6168629312229,15.004822954259366
86.27338221100624,5.222435371553173
85.79314938865848,14.120150777614946
84.25105071091569,18.809712778924336
93.94178814225066,13.747937008323152
75.89460734164558,1.6877477526203268
67.23125724105034,7.673251097080228
81.9463218427345,16.658896290414592
94.34077485382524,16.023224692484945
76.02106869590021,19.974867228216556
82.03128601012627,13.415365450609324
72.86875161650345,16.090950857713544
75.02666411789414,23.57911176576545
98.59244383021128,15.820253594313858
89.66935634119021,25.02939718503813
101.39880962643447,6.765609581238511
85.2128456471416,12.365580078156237
88.66250901497777,23.52589863806675
100.97862724968832,9.923166207156882
72.19284305795632,21.072401756573576
85.70698073765378,20.199868801260134
79.65136429039588,11.738783896465156
92.4398643704019,31.295000640028487
84.03735156422547,2.474370801233583
84.11997377484813,31.22445483894173
90.06522891610707,20.46706052117456
90.30923713358112,6.491619524795537
80.85377717387493,26.410149734482694
92.07066782091951,27.162875663490524
91.53179299438081,24.46506560809995
83.9826638066344,26.98432511647362
84.32920168568964,14.147785137398387
86.11120864199648,17.538119201619146
71.82813988791222,15.062243459398465
85.17342833880369,11.132940791029018
85.13016513797987,14.02155363488652
86.30792080162578,7.645931850436528
88.01881486235256,-4.122387752398971
83.3803743869751,13.020589361804028
87.58453362946024,7.284354034663947
89.6201764336885,11.77203795170975
99.2031022050841,8.833127478205284
92.39273338909062,19.3318461361214
81.46463498271137,16.377504855601476
90.66016739351008,25.797248333026886
83.26906917329005,6.443801671571906
91.4319437077944,23.63546895840522
80.4295280122584,-0.26689152100116864
88.98612924865395,11.641532593020138
75.73274610437439,36.87295881624401
93.46309719408984,14.599887319982285
90.54425905808462,16.199874120915087
86.69043771778693,26.932685092353427
92.30913071280848,19.724329891219682
69.91175919858298,13.470558207131434
70.70396876824,32.27918718490581
87.13193302935535,9.895330626434937
86.72605598031275,26.393360820562556
99.11793441775454,29.471394386552294
83.11174104947504,25.507694590103057
101.67775505048246,11.381546281421413
71.68182285352844,24.5119198693941
79.01911435386637,30.34893593982248
78.35451827619897,28.97648330943359
92.55930703651467,6.791529749101397
77.1917717758607,15.12947036361535
87.13603870223707,27.181152182092656
85.93872378869955,16.59559016773321
81.53166528644671,11.63197382498248
84.57747232746884,34.33959737262732
86.35950803088215,22.271240896670726
82.95700156552638,13.707714139817071
82.66013592879685,7.416212859701594
77.55682356182824,21.95249648010053
69.86831424619017,9.204457105638333
82.15037923755412,6.8231741764581795
94.52801836225397,15.83342405386175
79.01375652639794,17.583927070002765
81.96048568786759,16.377293199547083
74.94512461152217,27.117636450879814
82.4481104207622,8.442999575234651
94.62873134300273,8.636648278314912
93.72713735219551,8.499872332102552
82.74498627706464,16.23624015633015
81.83252956929823,5.958440799776987
93.89343618167554,24.12587901133152
93.8214358949409,17.004248335882647
82.8845378481763,5.017789783926899
90.68031409038184,13.245125650154412
97.08158840613429,12.255008965308347
97.5099448155804,3.6063891566512076
79.56637376393809,6.488127196452732
87.55447214832043,12.636895237408377
81.01169994099875,14.903721063528447
76.6724141667628,28.010669980429757
74.51924841652527,24.47771325385218
82.42839773681565,5.383356842693768
99.15766221674953,7.551844401509081
82.45197325104243,24.96468180718214
80.53483623261795,24.99280131751508
87.46981568766654,22.98745133468958
81.68667818185281,14.24689097491691
75.3698370582923,21.14176292436364
76.64496142452694,7.653872902426152
77.24816212425374,10.469472722873242
92.63118204819523,10.544026897476751
79.83176526640163,3.6681594756847833
93.58813864040049,10.878850674596956
100.50666167105516,22.19763268474496
90.63684549559349,21.819183055291134
91.85674236506475,14.64246290802204
88.13430041651954,10.532125908728721
88.60977205101902,11.686214869097816
82.49956809303907,-5.389455113552451
94.50049748174598,21.354059201325914
77.16764200865425,-6.6656403857693185
99.3431146507256,7.9584890353785305
92.94585257553548,11.59166398507136
84.79935286235501,15.7030709516605
104.14700915212246,22.992359208587725
88.92330269757807,5.197327492992384
94.31256959760222,20.864896453825935
78.72374361409777,15.811398032958305
77.95330522590028,17.399261556878468
97.18655767791694,9.762935888452946
75.32092735849513,29.505749171367917
85.28159951344118,12.238128426353228
78.95058256252095,18.90305465269602
79.36938705438783,19.975763507794824
90.65492317119454,4.082370879551624
72.62892859821828,15.39114798647186
77.11931034284413,19.405214017106942
73.56961790978896,5.183722718626363
75.52053245627226,31.705017295534482
92.51204878658493,-2.4390295699733926
84.94144407875602,7.143866314767347
85.82774320807124,26.253666633010138
103.91238924449803,30.18647000206779
96.66206915596797,24.22707635982326
84.47282229511495,3.138613305606391
74.2487636310677,27.248126920517603
100.28671234603657,7.332183005387267
106.63693344235217,20.9275589147001
84.22808091713671,19.12152157466773
100.30883315403527,15.743921064434774
79.38904323821603,19.5283502033418
92.83239395889888,4.750105658807341
77.37716302771571,14.628574392599155
90.8366709326427,20.025075805799325
83.28942097888874,16.62421105570704
103.96908334425845,4.343444669168031
105.89608361027865,21.725795477381666
90.02753540942072,20.20873843066331
76.5028390046819,14.400797224386498
97.97311855888536,19.044267861695694
89.8258378738432,12.481371977378624
83.57432726525026,6.734244453493721
90.88192955812444,8.455779758223063
84.3333507864344,26.84660564424965
68.91470944369654,21.793491409754044
74.29102760510017,19.209035218656673
91.35517638580312,10.33698388830831
89.98032294678761,14.557811192671435
67.18336064758833,9.67719457495967
95.40998610840167,18.92842205692318
87.47908462898067,17.292675481417454
78.49017446092601,18.471364383701207
87.31565816526717,10.481343015124109
79.32766933499357,14.386714283890857
92.53822632303286,14.22580591198892
91.48653292169719,18.98524157439222
77.22607027135052,32.43760786833289
88.51479670520374,23.34216755066953
84.83416388395874,7.600849966688922
86.71542015984508,-1.8325679090995344
94.9651510454437,9.72453290397728
75.35130345928695,10.899754768151448
81.47545816111194,9.631929530812734
90.85321486758616,24.360444448943404
93.07207509901454,13.359971819882372
97.55316020387819,15.375242814195126
93.72062036806963,17.044132169067932
82.30387526190947,22.166402608139617
98.55378953988148,20.93998407104691
88.00041786540751,13.304528925689855
102.13493674344504,23.66777587961708
83.42847068532362,22.58972511998707
86.3760679052025,10.449032764023862
82.45059092422521,9.697914786011964
78.29568206546602,30.69542764680469
95.50947816627243,19.878717719482044
91.90065905988993,17.81242216899921
92.82593360833512,13.703030821323807
89.89074035619419,25.741238960450307
99.01401994652201,11.179651533991038
88.26600432202473,17.171064732261346
85.02344294895687,22.318855775407872
84.15243742777923,18.91176757110683
83.1911041196833,15.803039458685454
84.40496324716872,9.189407014309381
92.85298215199941,12.056807131222133
68.59075120559392,19.08572544602079
86.86414861451107,19.061303374953184
92.35478021818172,21.192447326903064
89.04151731533612,35.71465665917995
66.77816927007339,6.354192722646792
79.2573129813606,9.281515621266644
79.55697520177222,18.77039131670717
84.9143154311305,1.4815319699476763
95.3120253414032,33.49387065365367
79.51511471430088,23.60628878187066
74.39666213838683,30.25941123713465
87.08327059029311,18.966820018990873
86.74878113057959,19.45096299658273
84.50052207798791,26.830443159302103
78.84512216744008,18.389622911039634
84.65291960190571,16.82136115678793
85.4304742330874,12.46044856805943
92.76710901317016,7.404486111025822
95.16513305062594,15.582517869821102
86.72666989132877,15.40563298411008
81.51856278963939,32.790101802876265
92.16095796058718,14.212527396234576
71.40074866578432,13.514391514598156
78.71122106670191,26.325303266178004
82.25144183323955,14.751696104195112
78.80317525109866,20.49820304368393
72.27046676609531,14.226720372929023
83.85524978956653,12.698451016627656
66.4560042721649,15.312981371735345
96.25510828397158,16.18474638401827
87.18320564761885,14.953406039357457
89.63117731204831,16.839709403673872
88.75757871787458,3.774416736971636
77.92788025750048,10.288179097968975
82.40941980514395,3.966723418254862
80.10615681525458,25.616365971542685
86.2543714814435,8.887993785686662
83.05716140162723,10.162101315799642
94.9546057898161,8.834319854286715
79.79182616668984,23.84000994974013
92.61251634078724,12.024873906335129
92.95376119818549,10.343260562489935
82.967887784587,36.77965717579684
83.10332051762774,18.09516064177787
83.40566644655051,35.04237663632364
81.64749952474365,23.274996748064034
77.64530992753981,26.202169969226183
57.29357932945991,25.327717604652815
85.61076495944634,5.276665880177056
88.93643690902866,18.105915214773564
84.59046847908532,17.406737243685452
72.74570765140287,10.067745301504306
81.99415132809759,13.339489176076706
73.34406587763085,6.856404846057055
79.59733035287947,6.0251114332254225
75.7590414059876,17.113733335754475
91.54702861712308,9.51335797937788
98.32242898662554,31.64604084728855
81.8837341195323,7.2578556975055895
84.71151399195678,23.57924558662775
90.3064822885829,13.096158808974582
81.50231162920186,10.971617357814853
79.51868792703995,27.939363652291718
86.1110800057808,2.638066596295541
82.59218363768677,26.386737408034758
88.2256012431319,24.078995898596077
92.32490016382624,16.221303962547974
90.1949503767198,19.91854278683354
82.79012079806785,10.545364097002885
83.35957562518887,20.428842623446684
70.92419336001683,19.224711902426954
75.92690609486377,19.85466416260512
88.61850636400635,9.466800019387666
100.66518729610162,33.05795214306135
75.46715757458969,16.033233745872494
76.60018709877153,11.01446822222814
89.17298278455351,5.868982693152978
86.37181667035102,15.968336897664415
93.00831641445083,15.625753974048951
85.1278612856163,19.20423980541814
81.80495377828561,6.565650279713884
85.36888473959655,10.948973251864214
93.05226356759727,5.181299667229373
82.60566722847713,3.469088123884571
81.83856039411646,12.437159658430005
83.4630904386316,18.2941403831339
87.02578508339592,19.89335509432582
98.51988739888566,7.9287022386750925
85.89751713062512,29.200377805671412
85.73526887251683,5.942218700408306
89.43570050602838,18.1728125770345
101.7373029964471,18.435578809542
84.81038772928687,17.23111855330183
79.53964511525989,1.1647257457716709
91.22332356165225,15.820794347736035
93.01038167146518,25.155355537649868
86.53092006270414,13.153294507786
82.14818316297314,4.226147354896105
81.26962848111498,24.684102211219233
63.9108132255066,9.680908301556432
96.51128362769867,23.48085761956036
81.85262938068523,-5.22939980700734
85.37477992389051,20.503632705776766
83.58049191046003,21.334887089207477
89.90967174833901,-0.6603252806744067
95.94349923427735,27.141030843145607
85.41703218997878,20.26301480026801
80.78618353720972,7.929655020016191
100.77295073689237,22.07709363724627
93.23242168803588,20.619500956345153
70.8961317876998,24.3046302472454
85.79494299815765,10.751214016193838
87.02775242979861,22.92036117119735
84.46353311497633,-1.4325750318512682
95.9652498829613,24.93453342377696
82.77303800027238,7.491141719944669
82.99011609942644,21.051538952989688
86.85154861266508,23.5027313647404
87.19984982003041,10.435682536441771
77.60344816960404,24.313209121187555
89.54354903218383,6.238533383409987
90.97844142029132,25.195488527544196
91.72494816742498,26.30812695277955
91.55503068462099,24.33930634337589
89.35323937143059,11.94423835479077
84.87574205163546,35.6931376349778
71.55211440682609,7.257755789236148
68.13910405448836,30.235356178691006
82.66717829721428,4.33089311961127
81.64360230779683,17.601621412751527
77.43106453884707,14.305302464602818
88.82386094646199,7.527948718002538
86.43550404362178,14.721581822066431
82.35735385308605,7.036299589170236
80.55012712413098,18.77641688516701
83.53457069404568,22.286102141784934
85.35798220368748,13.310811704425504
89.78872735534274,17.341513284879053
65.45250063101311,21.783711602907502
83.21993696784119,19.485795500756204
75.84878331377182,13.01252285999616
81.66335005035542,11.11814493517958
84.79341742772472,7.696327510042095
87.08462276858002,12.881930045769554
98.09810339143242,28.82351509914973
83.92776755436257,3.867765757762376
100.7002901785405,19.629024922288856
72.30591540963626,35.93698322116353
81.94564881878657,19.84134670622105
86.78223029099993,17.518127197530813
87.98012959666939,14.598124828273303
95.27367134458791,3.5752785748641482
82.41516534775289,19.07769615568076
79.02363815871897,10.745301205730819
71.33919075538869,20.38865929823187
91.71377633780479,14.80107424370355
84.82794714253536,16.795962658589627
75.6084160496808,91.33454219554802
20.905700611736656,80.74480977132406
31.410277215995052,11.193266219319643
5.284319268498994,81.33775229780113
70.56766060453148,27.6327358879203
83.57157885787903,52.170015191890286
92.7289941400004,13.802192558740478
46.11078083747473,98.17964551304699
71.17807551009489,64.50667182749987
77.21151693327802,78.74509363197349
79.12043268344803,98.966053994022
43.73026525247214,48.81062944940091
18.493196135630885,80.4407448861278
33.89017579188739,51.36858273090454
58.262091490269455,42.34791990290837
17.64711811559311,81.88482509394076
19.561969839509395,44.73562608420606
46.97930602721825,74.92249157820258
29.462310025067552,71.23081504728403
43.41483061846644,57.823498595886846
53.57192020468781,22.922751694617304
23.634258278095356,31.416334567547487
21.603467929968755,86.46864104012586
5.149140071221625,81.40142411184043
72.04465478337913,52.66587648680119
30.31710558686327,76.69193348746244
38.33996709737186,82.16397542004901
28.388867600543755,4.789091547619795
59.991409946645526,8.41717085581475
36.62253742448818,46.680991998268375
48.59668105922452,96.81759374577712
78.3168885972788,2.2737200769942567
43.031328494465384,45.207220962495654
2.6915412906524994,58.870998181652055
20.90056685262176,88.70751330953216
8.306950577261052,76.36581756045763
7.687067455817742,11.307200535691308
84.49833321834188,95.48438558480481
38.21901398685017,53.211338243474174
44.55086399776897,45.60174279486413
55.413958043603664,0.3845943752747938
78.45752892430394,24.148466500530276
18.47956566649611,98.87199039790026
6.571544258657303,34.557835761534136
29.081264752607204,5.163002001306283
93.91949898827706,28.267055184316227
13.277954683126225,93.16716364928025
36.7041056826941,98.1974406008796
45.65760927275845,35.20391385142635
93.47467997114258,25.758722700499483
97.48138427406226,25.2768351277181
73.17904365075933,7.464060740893186
8.582883554127395,0.18675976790754056
44.92346905429152,93.1556431037393
29.25215194975347,29.582707973805856
35.241355247617435,36.5321442015371
74.72618569301538,45.88306761500212
52.55548655060267,60.75225709973488
84.8015593771773,58.53740762958156
22.094189945646793,64.7634816920125
52.624659350098376,49.03809830102994
44.742658607444696,99.64246247617847
67.68132425763187,87.74757601452833
85.7735147933447,38.43282617199827
78.24790390247209,4.884421111741155
85.88940558290349,69.95818711504886
17.639578835572912,6.9770213004630826
62.02651576670625,49.246844485235265
4.833250624816287,41.06833576108539
8.389381123755212,36.9798519456074
25.10295427314846,3.6455030255098886
77.70609872172035,41.281780270001825
10.810605896417226,12.46753189454326
70.31876550332383,1.747904768604036
71.10613859428034,88.07406049865324
7.806395501451657,6.127978184230387
70.69441635600847,51.2987494570623
92.7210131403796,42.78297544758261
5.288582327786484,13.562315539008196
31.62994009913507,44.667627760290706
82.92617137008452,77.44661598443119
23.871157766197925,63.321575998633605
11.024619767475919,65.44496586953031
68.80421221133808,97.87597435504448
93.5128675574909,9.58927048691207
8.498767875393332,2.8832896353320203
48.1143686201017,88.53297498598415
98.10381106983276,22.18470730390295
57.87710734641356,20.52490666603091
55.98568093688594,84.02736155792626
15.808040638260268,55.79171863105509
48.282168201805845,65.27788031573176
42.44807142489064,52.848800591877854
9.056379543897142,29.20823178037648
46.54125139680507,98.72334418751873
57.95640994937816,88.7585429244553
34.848945757610764,26.29212613005557
70.18374691275675,34.99376029563091
7.0026816314613605,77.24452006793953
6.651028101950085,27.703764099225157
